{
  "xs-app.json": 1739873240334,
  "test/integration/FirstJourney.js": 1739857239527,
  "test/integration/pages/RisksList.js": 1739857239523,
  "test/integration/opaTests.qunit.js": 1739857239519,
  "test/integration/pages/RisksObjectPage.js": 1739857239523,
  "test/testsuite.qunit.js": 1739857239507,
  "i18n/i18n.properties": 1739857252507,
  "manifest.json": 1739873240350,
  "Component.js": 1739857239459,
  "test/integration/FirstJourney-dbg.js": 1739857239527,
  "test/integration/FirstJourney.js.map": 1739873258769,
  "test/integration/pages/RisksList-dbg.js": 1739857239523,
  "test/integration/pages/RisksList.js.map": 1739873258764,
  "test/integration/opaTests.qunit-dbg.js": 1739857239519,
  "test/integration/opaTests.qunit.js.map": 1739873258760,
  "test/integration/pages/RisksObjectPage-dbg.js": 1739857239523,
  "test/integration/pages/RisksObjectPage.js.map": 1739873258767,
  "test/testsuite.qunit-dbg.js": 1739857239507,
  "test/testsuite.qunit.js.map": 1739873258764,
  "Component-dbg.js": 1739857239459,
  "Component.js.map": 1739873258764,
  "Component-preload.js": 1739873258831,
  "Component-preload.js.map": 1739873258831,
  "test/integration/opaTests.qunit.html": 1739857239519,
  "test/testsuite.qunit.html": 1739857239495,
  "test/flpSandbox.html": 1739857239495,
  "index.html": 1739857239459
}